"","V1","V2","V3","V4","V5","V6","V7","V8","V9","V10","V11","V12","V13","V14","V15","V16","V17","V18","V19","V20","V21","V22","V23","V24","V25","V26","V27","V28","V29","V30","V31","V32","V33","V34","V35","V36","V37","V38","V39","V40","V41","V42","V43","V44","V45","V46","V47","V48","V49","V50"
"1",0.0307591641211069,0.043180904250929,-0.0241944742770719,0.012073076874846,0.00797287911101458,0.0581841777187763,0.000804679337743585,-0.0342990928512449,-0.0100296281777832,0.0241015135904385,0.0518851096097322,-0.0091338649967832,0.0106718064941353,0.0765680993772548,-0.0130458371777772,0.0201854445544281,-0.0323031308577661,-0.0615942368014044,0.0698328389446864,0.0105792135258133,0.0361934017048833,0.0357369894686146,-0.0331858962569528,-0.0039357583934195,-0.0237251583975955,0.0220086971989316,0.0390724342579764,-0.0303495890604833,0.0320186325060638,-0.0252518559770377,-0.0142293913244455,0.00509943174139229,0.0180270619571405,-0.0274845781888861,0.0066187363300686,0.0520536036892193,0.0545504573919069,0.0193524788860905,0.0179168033591696,-0.00318960541427764,0.0438035249466783,0.00595879182600678,-0.0203703752507583,-0.0160076340030516,-0.0226263601755514,0.0110410167497824,-0.028720049167237,0.0363923742772619,0.0240740467843586,-0.033734469108133
"2",0.0101204713398438,0.212721158467192,-0.035828496531282,-0.015384893516744,-0.0755496564203193,0.0406361582807512,0.0040793244958652,-0.06283072625211,-0.0366006726337355,0.00275105255457784,-0.025781415363404,-0.0162629804773514,-0.0109231016910133,0.0228148129878641,0.0456267314920072,0.0230909939492751,-0.192455248883883,0.00710860666299322,0.0426360790418056,0.0373375439502691,-0.0086715632983249,-0.0618268480216497,0.0567653640282506,-0.0393405475947956,0.0303398427140897,-0.0164056969326599,-0.0488171526381068,-0.0457395916178183,0.0181437378109144,-0.0333064778287842,0.0530769343641734,-0.0279595520644989,0.0509067122630766,-0.0292736498213482,-0.0217524350576419,-0.0288474274769079,-0.027649690706241,0.0404969933573293,-0.0704951835701052,-0.0475723380993008,0.0411138740256031,-0.0146900453195671,0.00289821981789468,0.0167388070096136,0.00112929470914646,-0.00898449972557715,-0.00885390733672149,0.0639654447718585,-0.0517393712286585,0.0176304360738933
"3",-0.0429131534181376,-0.128925535059264,0.0328507632238898,-0.0268758651960418,0.0379968277062145,0.0218104162315083,0.0443743925544214,0.000692502928634393,0.0601554393119374,0.0436724776501957,-0.00260015073404839,-0.0404024190144281,0.0118749908138616,0.00314781035995455,0.0294526960896136,-0.0318306994614642,0.105813581455413,-0.0935136007315238,-0.0249009422852197,-0.00432136271876649,-0.0118072832667696,-0.0194848124909116,0.0212410809732786,-0.00968140290170214,0.0453389246842779,0.0287308344028699,-0.0261724811462318,0.0138104081318702,-0.002287463671147,0.0303354654668864,-0.00671551170491233,0.0289698905998757,-0.00208259028490737,0.0161531248856884,0.0049321831667081,0.00613067415855482,0.0216304824059047,0.00575095665064158,0.00650666764274546,-0.0903582632548755,-0.00847573949050696,-0.0544234487498471,0.00663270795609369,-0.0042371122239169,0.000227669010423042,-0.0183814858402945,-0.0178546464047407,0.0192036502559534,-0.0273600003679077,0.0265777194789666
"4",-0.0336141154439729,0.0898268656690412,0.0488149248649832,0.0375376724352005,-0.0374530771724257,-0.0265730692493707,-0.0105550702423235,-0.00963361790456083,0.0157272597505807,-0.000485841826787544,-0.0466519614537431,-0.0144478515981474,-0.0410267463278366,-0.0619703209064255,-0.0228291157374313,0.0104430437429143,-0.0834437420920544,0.019277788578547,-0.0158875126929716,0.0166308191157381,0.00764590576398814,-0.00351190584627757,-0.0162615653351684,-0.00628024261095492,0.0277881218949575,-0.0308387717729866,0.0343629871309799,0.0414500013149822,0.0156048059021307,-0.0372598091165694,-0.0200931955029074,-0.0419025362120916,-0.00769527385489739,0.048781092944021,0.0314112353651731,-0.0179215522830851,-0.0371237488421931,-0.0146804142393132,-0.0117361999118896,-0.0361425936109786,0.00424648604348939,-0.0256036501581614,0.0163792002883019,0.0167266669170259,-0.0450674185478511,0.0386225503262387,0.00531968857414548,-0.0754319177449646,0.0462640498733316,-0.0108420661139277
"5",-0.0145394585896048,-0.00731691920196126,-0.00346504713337477,-0.00585114928025629,0.010291190991838,-0.0046747219983286,-0.0356505814478111,0.0142771623830391,-0.01500982264802,0.0368074976100942,-0.0184101229911125,0.0200587025417667,-0.0877413372897874,-0.0025417603449751,0.00287819988983082,-0.0243561704724813,0.0281863781323408,-0.0341394685293442,0.0226273076841748,0.0437100523196993,0.0271781188878362,-0.0465835724209187,-0.00148740243570794,-0.0163661053251166,0.00491927178492634,-0.0170388625331129,-0.0537402631619828,0.00451881453832289,0.0287189962969668,-0.0129924983584935,-0.00129335891713568,-0.0330999434151938,-0.0302472487003354,-0.0389932487281387,0.0294561466396906,-0.000665858857946419,-0.00343090530933068,0.00201701743398803,0.0641088177325822,0.0306620999570957,0.00254261011860561,0.0365869416722324,-0.0239750134679391,-0.0318289260663066,0.0423708345011153,-0.035687587339318,-0.016594560853192,-0.0371593705364799,0.00782060234344035,0.00151124059376016
"6",-0.00540837388158338,-0.0267502537847436,0.0142866997895291,-0.0428362011392921,0.023735577030242,-0.016414723480719,0.0180894841525565,-0.02893675618944,0.00789752776799358,0.0416959794660664,0.00423464665905812,0.0333662582173029,-0.00765280039640025,0.0403109581352664,0.0661858630328197,-0.0493904901898891,0.0525920246562527,-0.00174586347804656,0.0262254640323234,0.0133832969961006,0.000265603530196305,0.0460719283692191,-0.0443300263612898,-0.0149471256051098,-0.0219624571130039,0.00912057788497255,0.0431848157940047,-0.00591806545609551,-0.0244427486800083,0.0165254287222129,0.0356191728169884,0.0495812089055723,-0.0413196299986948,0.0208523962620421,0.000788425165635946,0.0435000053374,0.013547012376508,-0.028041781196414,0.0407412701476066,0.057651861836594,0.0101609585041157,-0.0366041422435902,0.00858002797002849,-0.0277708890224665,-0.002989682337861,0.0118711078065158,-0.0203900680840877,-0.0196633519263079,0.0227614935354361,-0.0294413288181205
"7",-0.0638612566310873,0.216878515127845,0.0209166854441671,0.00805972723875354,-0.0107464310208396,-0.0105741061980874,-0.0364634471746913,0.0601433364158981,-0.0280652664503744,0.0873950732922073,0.0234899137089842,-0.00197563241750409,0.0101883267077002,0.0128850130109852,0.0278480352902482,0.0331936994780881,-0.225651995078688,0.0325593552127282,0.0359637066775222,0.028584105980081,-0.0158813511771456,-0.0200417465244344,0.0799133094134291,-0.0198563158555128,-0.0371228956419321,-0.0373558538831178,-0.0129257633652658,-0.0119127208714111,0.0287151993680119,-0.0553207454802456,-0.00079020266028589,0.0278568067478301,-0.00261959046656616,0.0335855005879435,-0.0305625866368195,-0.0369717414946898,-0.0324436836773329,-0.0395632175498055,-0.0342778106693325,-0.0312918357117997,0.0444786967511957,0.0636446268462546,-0.026721211438266,-0.0115278452259138,-0.0505025564387964,0.012084787321504,-0.0488585744867861,-0.0124426353315352,0.0331308946166869,-0.0010262901411869
"8",0.00860902005140525,0.42706059038865,0.0240875856687479,0.0191034330964553,0.0245523712825696,-0.0530508836129107,-0.00274863795656606,-0.0314728005216998,0.0511399915407124,-0.0348098558787351,0.0201801364992589,-0.0148132375939166,0.00660486516783139,-0.0260863075908859,-0.0361248653570383,0.0287582489312668,-0.464477724730449,-0.00492563970996529,0.00331553088875642,0.00869120468088305,-0.0302582860822511,-0.0204550494632659,-0.082906999594551,0.0230907892211779,0.0468145153759277,0.0172388643746714,0.00129360403203041,0.0202070243340678,0.00955750653695687,-0.0012396224253123,-0.0230535739243615,-0.00419814443502202,0.0103627019119992,-0.012976689848125,-0.0127062720218022,0.0576740016788334,-8.74136632461325e-05,-0.0014984735312778,0.0225433829103139,0.0715345085054162,-0.0350218046863018,0.0012382752417304,-0.0460797659573551,-0.0291377767496354,0.0230743521548896,-0.0152447556597895,-0.0459484035043645,0.0136715999093594,-0.0281718703179106,0.0266512598134233
"9",-0.00683548716442989,0.0674890148578648,0.0119547335446512,0.0454039440595663,0.026649593829778,0.051878492888894,0.00176739459129074,0.0240359555304192,-0.0168719923619076,-0.0225008464418937,-0.006810398442675,0.0461643260586711,-0.0357075379305447,0.0270305497288727,0.00310678458787186,-0.0497367339410586,-0.0495021290834212,0.0276937256561528,0.0155838088668518,-0.0150021282345013,-0.0353395134316283,-0.0182866683405183,0.0502907975282056,-0.0187013976438777,0.0212725921384389,-0.0128045352413598,-0.0299228099345758,-0.017648995749943,0.025788162881133,0.0258451476485061,0.0090030751483702,0.0522849484135679,0.0271097635627059,-0.0156379609513885,0.0300787437804475,0.0337877600574854,0.0130734581408344,-0.00579868493721741,0.00129565564234272,0.00471206902031485,0.0506087060929807,0.00198991143416964,0.0326320979538592,0.0168549582725714,0.0364773226237534,0.0333642245591693,-0.00175915042663706,-0.00321842496913974,-0.0399570781527998,-0.0083252936338008
"10",0.0405113766906435,-0.0279671010922739,-0.0489374035690588,0.0024252956101508,-0.00969136947742686,0.0277180036391221,0.021271050561982,-0.00355576610135146,0.0606647984687503,-0.00779546762715973,-0.00173293298758736,0.0286882275523624,-0.00898250689400988,-0.0154101297346917,0.0422497381904433,-0.00209987387456719,0.00556256030873476,0.0542038188946165,-0.0317132531869986,-0.00216436804320497,-0.036076189252512,-0.013460394067507,0.0107393309751029,-0.0266632120301391,-0.0259254728794955,-0.0310579760834063,0.0617788632884871,-0.0210390993966708,0.00213498429354032,-0.0217376193543648,-0.00868832553253984,-0.00424604818294051,-0.0676432170249336,-0.028249326494607,-0.0205187817576202,-0.00732398512640963,-0.00279817875086224,-0.0283890913475688,-0.0333472430926676,-0.0126510154435244,0.0755066713030702,0.00818953241827771,0.00155442915597957,0.0166767241455632,0.0205706011506277,0.0206879936437453,0.0145860083496162,0.0196874994248106,0.0165020292093826,0.0263230485060821
"11",-0.0927346492685718,0.118195244565684,0.0120380383390508,0.0213423149640447,-0.00742433336941876,0.0160399411913121,-0.0684852934083801,0.0432572281847807,-0.0527208053283274,0.0146622848326575,0.0335889512431772,-0.0251026181097697,0.0437947090933135,0.0160003928403179,-0.0391695907861049,0.0399168063299084,-0.0621512339902418,-0.0433966722371382,0.0103525748183005,0.0253181642519282,-0.0574562235857687,-0.0238899449747846,0.00570790166445394,0.000239070347788327,0.0401069727314311,0.0247147142182942,0.0344430338020756,0.0250123262083649,0.0280691724110232,-0.0407506004119955,-0.0192324483571343,-0.00744025580173615,0.00594486474581717,-0.0158286591752765,0.0200868089295536,0.00422673741171612,0.00262525467468983,-0.00837981921604015,-0.0056129323330597,-0.0343771129839655,-0.0323673217242702,0.0405675861562448,0.0147252682738089,-0.0263485616853511,0.016283494633076,7.98512405324003e-05,-0.00778157078146007,-0.054645499461672,-1.79407028213273e-05,-0.0182657201965652
"12",-0.0171403013098032,-0.237894597356815,-0.0112823822172836,-0.012247260178646,-0.00217757773446424,-0.0395267948423731,0.0554412325354196,0.0194635083218542,0.0138722537346734,0.022295283203922,-0.00791023438315331,-0.0055161458374281,0.021531738073651,0.0234246875628171,0.0178630068583155,-0.0170826749259389,0.271602869747062,0.0226208954286684,-0.0114820967985493,0.0126131169617702,0.0174790931535024,0.0209399638755499,0.0225344297739551,0.0301049065784548,-0.00159055671352936,0.00467547336058723,-0.0367683869144857,-0.000994866680864464,0.000184649102625911,0.0786850889725039,0.00706446864287745,-0.033970340425611,0.0314491636796337,-0.036258884956661,-0.00849080197916468,0.0710087906657746,0.0113400680577555,-0.0242078718139381,0.0314853926539306,0.00266483377332605,-0.0226776705545637,0.0346652742013274,-0.0123773485889788,0.0323960458243442,-0.0148195808805461,-0.00212806494258916,-0.0277706035790223,0.0247157242263146,-0.00575984897814136,-0.0307966494607582
"13",0.0388727612826116,-0.302549599855877,-0.0157495960776421,0.00154405818971633,-0.0111769179386113,0.00150044326287722,0.0202887727542793,-0.0103848513939459,0.0040325210140205,-0.0084097147441948,-0.0214752541657152,-0.033517860503183,0.430376795866173,0.00539765260857192,0.0146786794412051,0.0217892047914827,0.313537012651955,-0.0215566560446962,0.00614439406158275,0.000971262515299685,0.0183378348571787,0.0161358376457657,-0.0251020529187565,-0.0220493211252619,-0.0103784358496425,0.0327451178601699,-0.0555198462380606,0.0250773865374059,-0.00352126343616645,0.034523132081091,-0.00258781407414155,-0.0233086137430719,0.0533922921358157,-0.000717896365619703,0.0458368007093545,0.00891308869736354,0.00360760413087777,0.00388462677660513,0.00918921025883594,0.0357423292233798,-0.0303417611270838,-0.0249555312577382,0.0323481975134101,-0.0202186684350716,0.00317910549275077,0.0112588713062566,0.0446571730143743,0.00748579241041738,-0.00980217618947343,0.00811162521917695
"14",0.00694177469208138,-0.0151401665460481,-0.0449761946284631,-0.0317346348433674,0.0420459722238895,-0.0609066972097949,-0.00142792662834992,0.0177475062065879,0.034477818957758,0.00715578284735635,0.0291363069795644,-0.030389691961411,-0.00406449004344202,0.050614763397751,0.0112516928996174,0.0037650189665696,0.0624534348739663,-0.000802215242493643,-0.0358009014532142,-0.0146686192705854,0.0660708827397882,0.0198971124508539,-0.0384188072134592,-0.0280542341180159,0.0145539597463986,0.0157482611798951,-0.0134010233399016,-0.0164131214915551,0.00511907271327004,-0.0294680125006201,-0.00990034837272471,-0.03073509901454,-0.0379288963765217,0.0158963594283316,-0.0353994735956869,0.0170605170345817,-0.0328772347114976,-0.021399110773976,-0.0329719852020486,-0.0350659115480725,0.0335995533208674,0.00233240210004085,0.00809715259693448,-0.00116764597743638,0.0081048117611469,0.00478234328556213,0.010924811915887,-0.0422013505968078,-0.0289997398911731,-0.015403990553947
"15",0.0655683177974085,-0.347637160820913,-0.0169159754026752,0.0382991376788374,0.0564162475700202,-0.0494667284245203,-0.0604061323375041,-0.0175305690035315,0.0201359396487435,0.00453320339352379,0.0304103769445747,-0.0258889441451104,-0.0313072903579455,-0.0371620578337244,0.000648158316307989,0.0118898517310047,0.392294822838214,0.031171336770111,0.00392510786392239,-0.0380423338844597,-0.011299862979536,-0.0374670332732327,-0.00971799343168161,-0.00690229648588715,0.0380806174045447,-0.0466497392019189,-0.0319243792509311,0.0118222983452532,0.0122198846326002,0.0261458090768341,0.0436993548664472,-0.0288250646372419,0.00463505493280643,0.0581546504494427,0.0358697456459452,0.021893227230864,0.0211977293270928,0.00148022637666054,-0.0168066335172971,0.0406385262126942,0.0197405670028299,0.0125159461536289,0.00584985521878126,-0.00515195278986246,-0.0714701920762885,-0.00195462662799978,0.0227934903280124,0.0265159778234836,-0.00857671281707741,0.0204424660236228
"16",-0.0247668014454276,0.0514832214847713,0.031117184510146,-0.0330962855665244,0.0212599303261723,-0.0660628061427447,-0.0160555450758458,-0.0462346623708463,-0.0230010913742136,-0.0181709173608102,-0.0697603262568755,-0.0350484837090343,-0.0169446163350231,-0.00293282770537915,0.0207699077510596,-0.00193219727597984,-0.0202092394189567,-0.0085218380846296,0.0199853958750062,-0.0103860395454286,0.0170331341354271,-0.0245678882529121,0.0599391896358362,0.00269226274755027,0.0114242791274882,-0.0240310801338149,-0.0907795677171934,-0.0201005103576336,-0.0113324552455791,0.00062388029214076,0.0460286347898113,0.0192393632029169,0.0146782608158631,0.0311473523399889,-0.0130480478651205,-0.00349074699858925,-0.0163491833033722,-0.00466070841834155,-0.0329405974645178,-0.00757501137417635,-0.0542343185224308,-0.0244578603023559,-0.0172811825089837,-0.0249168702354342,0.0472252448492001,0.0173468171568129,0.022138275738174,-0.0360447280307996,0.081519675225961,0.0158773639297648
"17",0.0083002922601274,0.171169798396161,-0.0429373946594379,-0.016316346322685,-0.0847304738185587,0.039028005594154,-0.00547926931462689,-0.0644664839336299,-0.0451294792848468,0.00303965053715,-0.0288976800811752,-0.0114672993561314,-0.0107381617533505,0.02981116257063,0.0398133821036411,0.0235715089690436,-0.150667716461666,0.0081291162974841,0.0366009863092965,0.0457576917691719,-0.00516159633009307,-0.0639180802426896,0.0540706020937395,-0.0340714535796017,0.0288507894480873,-0.023175869701532,-0.0556729820272799,-0.0501984229851735,0.0123000653860221,-0.0376612395082121,0.0477758992879338,-0.0360753433684045,0.0579122002698534,-0.0222644754612131,-0.0191851990683436,-0.0284059443804071,-0.0229440187581917,0.0406561057748559,-0.0645879108388546,-0.0517182192713443,0.0450855441042938,-0.0101418174404738,0.0118373189364549,0.0218193074480794,0.0064082445972111,-0.00718947474867672,-0.00485745742049216,0.0676388646110972,-0.0439659520091482,0.0137979436940917
"18",-0.0026542058493514,0.0209484874211348,-0.0118854374069545,0.0264520587749426,0.0198530516189434,0.0871790233074568,0.0183359870417436,-0.0111892747546069,-0.0632814231935749,0.0169690341480964,0.0370591603273487,0.00359506673017262,0.0141214895667748,-0.00664462990547721,-0.0342202530379653,-0.0199464625487113,0.00884541018694967,0.00849491477921445,0.00212904156848683,-0.0399643721166087,-0.00173104985010919,0.0317278166338649,-0.0569595184413945,0.0624605083217821,0.0496211501276569,-0.0625503659944071,0.028152682928042,-0.0253962932109447,-0.0658852502404633,-0.0968648029833167,0.0368388172696002,-0.00766304853539304,-0.00935496466652627,-0.0104253061534574,0.00324071461414897,-0.026031769855124,0.0548937755170709,-0.019901279491055,-0.00455519391589248,-0.0288147414413814,0.0194575977308896,0.0457722851803339,-0.0163639317953645,-0.011270093423864,-0.0200350235317194,-0.0247368097059221,0.0355862196130153,-0.0091390804431127,0.013786473845173,-0.028313780118279
"19",0.0608518012799927,-0.115529611421583,-0.0347757924834974,-0.0486505201603267,0.0633477419385315,0.0127101295542426,0.00655450235160161,-0.00829802662100925,-0.045481672397789,0.108902197888477,-0.00549621446544305,0.00363869907788915,0.0117436109688056,-0.00869881529250408,-0.00629504965051404,-0.00941266801087084,0.128126127557064,0.0130741297604816,-0.0202737893943049,-0.0246372103407871,-0.0540304366473962,-0.0302293116902515,0.00739819328948797,0.0341562387479882,-0.00503857512182103,0.0179968900835277,0.0380899107298548,0.000775591871444492,0.00435221558212537,0.00324998008173554,-0.00183258055305651,-0.00170503170377785,0.034120652538084,0.0275025242315407,0.0833100990784447,-0.0297698654407417,0.0157135458338429,0.015629183530959,-0.0650923412302326,-0.0130233995617795,0.053782923933908,-0.00465547623880923,0.0125748653360652,0.0295215538077592,-0.015854523151686,0.0569910198372505,0.0237463278977393,-0.0138580050100718,-0.00338913144406651,-0.069339199240702
"20",-0.0114139203814252,0.268341989681831,0.00179041342678587,-0.00694664347019825,0.0430656259545783,0.00208368375159725,0.00191337730719244,0.0312556762091092,0.00855634915002371,-0.0767412032223989,-0.0529524844067506,-0.05823728065681,0.0173603818203286,-0.0512122339967154,0.0264094520560952,-0.0145373770530429,-0.355581297903013,0.0476343435155513,-0.0555081642073519,-0.0447035260599178,-0.0489305886263136,-0.0542496051690193,-0.0319141604964637,-0.0115335063030831,-0.0226340267068478,0.0410493139623469,-0.0194313773474011,-0.0289148387794083,0.0292232338968516,0.0127379510698905,0.0206338381606634,-0.00192307480562708,0.00269382320684768,-0.00982922163797,0.010426230922926,-0.0173836071496598,0.0175352883207421,-0.0198169866010418,0.00594369211699125,0.0119795971723207,0.0190835402023709,0.00187416363662303,-0.12016385132665,-0.025027676437081,-0.0162681019238877,-0.00913207100498763,0.0427089241068156,-0.0271698310457017,-0.00498670626690889,-0.0147094390998354
"21",0.0160438142776565,0.00301505285602018,-0.0163224003505463,-0.0174021582604322,-0.0195934190031612,0.0238193831471232,-0.0254816139921711,-0.00934834231591865,-0.0013973797141964,-0.0240557488374836,-0.0186418751114419,0.0014248933498544,0.023525870796014,0.0232776834718489,-0.00474104147395866,0.00767737798214422,-0.0070941936922754,0.00659552632684115,0.00598795776030643,-0.000859424715258137,0.912962567431359,-0.00309643290721407,0.013030970786532,-0.0128241822947249,-0.0118388412376165,0.0126492864981701,-0.000106149410689938,0.0110025482181194,-0.0150902956097942,0.00385889681206418,-0.00086658065943007,0.0219447789102389,-0.00839065411838467,0.0242153946844884,0.00267954359418228,-0.00655174588566792,0.00442156251250847,-0.00079491199209755,0.00170686065791409,-0.00907220128643439,0.000851940540296134,-0.0128348306184435,-0.00284800412601521,-0.00929374045754366,0.00411336243534285,-0.00585644784131537,0.0245826585005698,-0.00411322181453451,-0.00034147214115201,0.0110910760752628
"22",-0.0175294661209899,0.174015618117034,-0.00600984008827773,-0.0371754787525399,-0.0169644861337885,0.0460395540073448,0.0461839857516983,-0.00847241442105266,0.0159313198762594,0.0135217146496681,0.0350839553827578,0.00258174425664601,0.0427661935880527,0.0359043303701291,-0.00473153700543965,-0.0540286561658402,-0.203225283887449,0.0150469691158205,-0.00548108628301419,0.0056227420453703,0.0207501389839162,0.0260564793012427,-0.00856592379632576,0.00116701431413467,-0.0726487678570603,0.0261587568957435,0.0140696799772591,0.0009069776131627,0.0280186887567009,0.0164643970120491,0.0192158212435885,-0.00806051899948322,4.396161407074e-06,-0.0244882192873623,0.00234358115465572,0.025441361925379,-0.00541404984375262,0.00249089191822503,-0.0450407830460291,-0.0431165959671251,0.0232150800079082,-0.0328160508466451,0.00302756462488682,-0.0112665187031551,-0.0300950189139154,-0.00507496317385132,-0.00356495085419845,0.0463077841108058,-0.0390069495346083,0.00939163263112457
"23",-0.00748661928955328,0.0896720417099688,0.0533658075900375,-0.0125470639805728,0.00207897382650983,-0.0265792970103895,0.00134205859486552,-0.0143982313434291,0.0206911392892904,0.00881218063415668,0.0116374155764048,-0.0366207270907506,0.0177835907946596,0.0196220130261701,0.0185739897891113,-0.0403364751834659,-0.0628939870829742,0.00233351042900198,-0.0102387283723739,-0.03040260324882,-0.00365010510716796,-0.043541521462004,0.0580566007795593,0.0187339468935827,-0.0242296674147195,0.022928657035646,0.0627903127732054,-0.0367171460663231,0.0256266415870028,-0.0278915771262143,0.00792454146157298,0.0515636489913557,-0.0398821895846361,-0.0348746459055663,-0.00213533180326764,-0.034231342005198,-0.0505534457050667,-0.044873557713961,-0.0773071417534123,-0.0193480000971584,-0.00896288061617784,0.0440506367290934,-0.0371445737069522,5.83748244263828e-05,0.0167198042265129,-0.0141899530400047,-0.00844122993382013,0.0275008243732981,-0.0251612408598653,-0.0134780924787506
"24",0.00256341758003384,-0.215897400354479,-0.0352969621104193,0.0403925574814417,0.0605871670394144,0.0165470693708972,-0.0756303118028052,0.0331792435642472,-0.0113697064786566,-0.0247679443893637,0.0163645891243692,-0.00688749373727117,-0.00633883658124773,0.0154897353997354,0.0322175169254135,-0.0291995189685279,0.186975189682159,-0.0199546556465723,0.0209824383407323,-0.0382343809053836,0.0131639015930373,0.0425745029914387,0.0537110527303843,0.0329067157860427,-0.0140137143734029,-0.0125724629045263,-0.0103237621633958,-0.0432303231229083,-0.000101536996281908,0.0264679213125314,0.00145086737404454,0.0411484599688776,-0.0378686112716358,-0.00109365858222729,-0.0171044862086458,0.0234481158117888,-0.0135940953831219,-0.00795649106750969,-0.033160799327847,-0.0374674703363259,0.0318597976667627,0.0531094452614485,-0.0260101659685095,0.0343254060825786,0.0208160899537578,-0.0125127745623757,0.0187729235350022,-0.022011472892998,-0.00992640913478273,0.0055800765898865
"25",0.00230680593594415,0.011965115403635,0.00159688374225388,0.0139356328287561,-0.0383815113840324,0.046037751545422,0.0302633025233347,0.0105009851371835,-0.00783101044773597,0.0452102950376071,0.0552476250702844,-0.0206456721005248,0.0318937958648059,-0.00817378481435977,-0.0282236875731386,-0.00178528380584129,-0.036525749887946,-0.0216392833325212,0.0173467218422475,-0.0380990326284907,-0.000476557126432091,-0.0371676207848436,0.0123673601528036,0.00286370289918698,0.00441784899500342,-0.00734224206143602,0.0227176660647067,-0.0275676117300086,-0.0108608590593256,0.0433560755835542,-0.01802966018103,0.0499101388545572,-0.00180193709287522,-0.0269039346355498,-0.0452910489949054,-0.0213158026215762,-0.00678815750805501,-0.00638720404428642,0.000514623784266981,0.0456873833450667,0.00854515708565395,-0.0199325776006496,-0.000954001024193427,0.0522837262787775,0.0378946197287343,0.0522227229404029,0.0391194017446141,0.0301261265639259,-0.0268900886574529,0.00320745701495723
"26",-0.00158886139080967,-0.0958924530232198,0.00662225429123211,0.00756183742297267,0.0394708751824044,0.00786427260714554,-0.0150141930710467,-0.0381057971233084,-0.01745747520741,-0.0540217816039687,0.0140342714363382,-0.00282241286475,-0.0558405876821873,0.0389718363333827,-0.00189975776559367,0.0279699775662194,0.0476327320101992,0.00200163325245961,-0.0232842256413591,0.0199545140093596,0.0494718534542266,0.0172999056297411,0.0387001277775455,-0.0508657904610736,-0.0129561043447224,0.0199246486648698,0.00330170209065583,-0.00670263468214554,-0.0206623211609672,0.0282889537405085,0.0524220803315949,-9.34143772622166e-05,0.00543448805311895,-0.013464456154171,0.0428690104807284,-0.00680486782896833,0.0242238456697201,0.0243253026899527,-0.0597645731278871,-0.00966101084820571,-0.0300697737052119,0.0158882150758107,-0.0362180973932511,-0.00027423381278325,-0.0410914884725663,0.00751402327283956,0.0182010353959745,0.0257052353867723,0.0351610248842324,-0.0495438819813277
"27",0.0365951096254825,0.0513171554583419,-0.00535124744402119,0.0264640498826669,0.00429784779882574,0.000174056085232519,0.0240712635729206,0.0797493536309069,-0.04969185988966,-0.0119044274010658,0.0386982688196393,-0.0310844007130849,0.0446205935260343,-0.0198673337511437,0.00625418701864264,0.055882390090878,-0.061850459712378,0.0400713593763452,0.0258987399775764,0.00103997799618072,0.0114193318375472,-0.0232931456020512,0.0430999057392966,-0.00415775484342636,0.0257809621432692,-0.0309908707456859,-0.0207275050784949,0.0188882003561928,-0.00238259133805769,0.0246479639087666,0.0201655349479068,-0.00802804431864997,0.0541133352261628,0.0216405443384793,0.00628045724664523,-0.0626086282557616,0.0136634046157906,0.0199942502123236,0.00201142857503898,0.0328853264747261,-0.0119859111804361,0.0178386022642044,-0.044274622738264,0.0464965454868288,-0.0574116444300931,-0.0169194537472023,-0.0737598891538252,-0.0137851314006902,-0.00532962026336019,-0.0269020598625623
"28",-0.0412645612402648,0.151812235200316,-0.0460397664896585,0.0291878699392584,0.00918872308647466,-0.0013593521707667,0.0157992921886134,0.0192157463575234,0.0196578533269954,0.0684597976704606,-0.025561500695989,-0.0017712902258145,0.0223809454091944,0.0358491080145175,-0.0218723528455889,0.0269709136378355,-0.121385498689264,0.0683754091901301,-0.0309817614315267,-0.00356191268962701,-0.00619431869029367,-0.0405869481047017,0.0496445380448335,-0.0594375056333363,0.018230794396866,0.0172694005327051,0.00890465784421434,0.00468685207911197,0.0155111242921448,-0.0120785857679341,0.0691845941802598,0.0179724373910437,-0.0342020113544187,-0.0147821706187103,-0.0411518400276126,0.0113813231931071,0.0219150451806271,0.00120115313116881,-0.030959561589409,0.0263423174457405,0.040395555897061,0.0014906533441931,0.0557840835804328,0.0077731219172749,-0.036433966541607,0.00777455142807062,-0.000587053351197295,-0.0562801088427628,-0.0216985560418178,0.0441814409168946
"29",-0.0599178637120319,0.145217273876149,-0.00280635805995774,-0.0313102170743988,-0.00927173466501128,-0.0248053411023076,0.0408608443452318,0.00349351469608489,0.0662565625137912,0.0386442941391911,-0.021108934960792,-0.0808395448088664,0.0125957339778766,-0.0369114130980765,0.0269174164714121,-0.00628660664026545,-0.168464722765846,0.090618618853623,0.00133105800237061,-0.0367317756442393,-0.0132266157454954,-0.042839988155927,0.0147170608241067,0.0202520207043037,0.0468628936582121,-0.00337526524091088,0.0612601658714018,0.0129233750036526,0.0257408509771726,-0.0448980425905394,0.0422328964380183,-0.0361037433428923,0.00894881162300381,0.0630209854665821,-0.0701842978451303,-0.00282931425111968,-0.00245611651864938,0.0258692061503151,0.0184855814749131,0.047037383914755,-0.0339705496104422,0.00631162795686076,0.00409212876920473,-0.00372017653800913,-0.0323947183632382,-0.0110820266448888,0.0134001309119575,0.0232951436737789,-0.0097925963022103,-0.0084818025311605
"30",-0.0511832495467074,0.189593824044543,0.0331856902285114,-0.034047724406458,0.0120822623987484,-0.00839698254788514,0.0199932207168953,0.00730135556333182,0.00204509494246113,-0.0151078803363389,0.0779701881267309,-0.00815024586035081,0.0313368053681953,0.0802183024879494,0.0135182112322922,0.0315814222643549,-0.218891878880984,0.0282473124657925,-0.00342983092733491,0.0121118429307259,-0.0245521528130219,0.0481574422407278,-0.0503887541045342,0.00895897088244981,-0.0130735389336463,0.0394701016025875,0.0122693198362146,-0.032354522213686,0.0161407410195528,-0.00819010999645286,-0.0383667602958462,-0.00645187386220868,0.0534401467957324,-0.0492841355641779,-0.0582265347535156,0.00671486299503379,0.0230700833129814,-0.00407168060187903,-0.00675278540408367,-0.0050545084820055,-0.0312379184377933,0.0125374998566947,0.0297096608476187,0.023541531916781,-0.0130349953094867,0.036598637747071,-0.0199643037612949,0.0408263420465727,-0.00287081538684383,-0.034529599601944
"31",0.00907470827298192,0.0130729748103011,0.00903895454450836,-0.0423834074950786,-0.0266632057940793,0.00910313235786213,-0.00341684451159715,0.0142414114094474,0.0483252776664553,-0.00506130713090033,-0.0140957069608344,0.00244809998714969,-0.0323757652843648,0.0311654927727582,-0.0161583211481945,-0.0450478186721119,-0.0521076872789809,-0.0360735990260276,0.00191903579812901,0.0203551227773405,-0.0163199563486025,0.0205679738590537,0.00184433549156869,0.028542650004209,0.0416612323548397,0.0513237459568616,-0.0155972042346559,0.0178296089503721,0.0187447741992364,-0.0574090930832359,0.0320682487399196,-0.0250447225569536,-0.0116356273627558,-0.0285544988416243,0.0165217541756674,0.040199949014455,0.0210423209708924,0.00304052790620228,0.0143746331319433,0.0432955821089613,-0.020038466983377,-0.00161897117627754,-0.0179707305076781,-0.0209642443104464,0.00365854901898767,-0.0125896802027402,-0.0422232845193441,0.0495267892081994,-0.0273452286762406,-0.000497084074815212
"32",0.000687670947050759,0.13765853964458,0.0140432903800076,0.00526911553187657,-0.0444612954073229,-0.0543796092590808,-0.0398360404914039,0.021676993348394,-0.0289474604175756,0.0484699425597973,0.0225336913873804,-0.00316944659522374,-0.00916755917263685,0.0351087585983825,-0.0421675888936013,-0.00529313465625974,-0.152044899745182,-0.0209619064633475,0.0185172205010157,-0.0105553237745455,-0.0335667736734299,-0.00593034041798406,-0.0289422459399827,-0.0123757084136212,-0.0148701722010865,-0.052771886120531,-0.018267037266772,0.0221338634303492,0.000562284375699641,-0.0337940870208039,0.00724042498120013,0.00255743973913166,-0.0531585325222682,0.0222580211001408,0.0279146000601276,-0.0277081261099746,-0.00286119399032897,-0.0125928123991353,-0.0170009676036138,-0.00813000126290641,0.00167426129366982,-0.0299513847521831,0.0106459555260801,-0.0274263009755748,0.0329971335295639,-0.0359358024671854,-0.00782894174699211,0.00515647346784549,-0.0539565051067586,-0.0237784823553748
"33",-0.0515254911652641,0.0140826834664937,0.00976155739443714,0.0148932218479554,0.0297870191977119,-0.0633381645464969,0.0442095084799122,-0.00382857768027777,-0.0216440486690327,-0.014483107571273,0.0241296535120808,-0.0399118113674727,0.00580946349570364,-0.025820425881971,0.0284750333931406,-0.0163211999631352,-0.0111523631650051,0.00990326024100635,0.00247053981340028,0.0429045573001291,-0.010085685542305,0.0296258335791327,-0.0234964084567505,0.0181959805224097,0.048923762532083,0.0208108315354429,-0.0125136670693474,-0.0180890479412456,0.0156950878834192,-0.00502225374517315,0.0683141858813293,-0.0276050684185557,-0.0367634342425081,-0.0455261366108238,0.0380665298873422,0.00186468323276404,0.0318908563497095,0.0467561195726202,0.00140641178361152,0.00177121548587122,-0.0214888706805176,-0.000318121243862014,0.0311791514270925,0.0089855850939055,0.0643708163410796,-0.0139063377717164,0.030011733713739,0.0220243377419912,0.0396440798732254,-0.0231767819045655
"34",0.01171071984465,0.08977858579809,-0.0283293823234517,0.0418878800920994,0.0414711423157135,0.0371946760641398,-0.00577362150572335,0.0496951287603987,0.0529074678520959,0.0278535369276933,0.00261961094921299,0.00313019991723862,0.0606209217306303,-0.0235009558852901,-0.0205695644959369,-0.00631714858979543,-0.115460105325284,0.0173452772766992,0.0149938559258516,0.0117791754656835,-0.00919733164828431,-0.0162055773453785,0.0133091305863719,0.0336548887165759,0.00156829267379975,-0.0226101315185334,-0.00136089811353978,-0.00531859483584013,-0.00728176868467548,-0.00663087705262782,0.0168888848600604,0.00109232764976948,0.0038918062895416,-0.0268301679315337,0.0460598483958143,0.0596530260230881,-0.00705715063524687,0.00830297729487922,0.0127182598398588,-0.00615963656804477,0.0303798134168831,-0.0112273315241978,-0.00265960694602419,0.0008316553420801,-0.0316032014698048,-0.0261864670140739,0.0235484690491315,0.0228223015830844,-0.000737048443035515,-0.0192694668037588
"35",-0.019344787039308,0.00535437656040112,0.00283039023266113,0.0625568384477289,-5.89217809769784e-05,-0.0137387411798362,-0.0563293122508009,0.0124578235940218,0.0213480113259618,-0.0123921530203103,-0.0233445824069812,-0.0486274512652938,-0.00385383815149748,0.0455052102661012,-0.0507297317771362,0.0153532421710377,-0.00503447395819209,-0.0137469132787414,-0.00857607058919153,0.00769317003260352,-0.0110361446928221,-0.011656613277694,0.00661002971828872,-0.0156818551753084,-0.0287888718642168,0.0282215101788747,-0.0135207042578464,0.0112053085983864,0.00654363641558476,0.00934725931134968,0.0058654535212677,-0.0338868059362148,-0.0446834000486333,0.0580114121643075,-0.0640252123805724,0.00939410238386305,-0.0425194042954219,0.000396157522140738,0.0198320841803091,-0.0675623003743563,-0.0301939844090594,0.0116003346988714,0.0328091532058762,-0.0183100848851268,-0.0312025728905134,0.0742896542052856,0.0629876928121468,0.0322643503849068,0.00257881452408017,0.0269570293758443
"36",0.0187158539822966,-0.314607772726724,0.0633413527365222,-0.0186451497971843,-0.0411084852488398,0.0443028847439258,0.0217544380110473,-0.0414278162953915,0.000681046897847886,0.040942690254831,-0.0140595413662119,0.0115064014453738,-0.0268232659093021,-0.0118609406886404,0.0449321115809133,0.0159609484316889,0.307737841463051,-0.0309235263978215,0.00698000423981838,-0.0352612986133894,-0.00584970563704831,0.00916049086761333,-0.0531383971883425,-0.0212917072376111,0.0304938893488385,-0.028024242929628,0.0522359185981766,0.0242160112462478,-0.0104308487747918,0.0272878002734801,-0.0608186200837289,0.0581980124490083,0.0125228726047927,0.02665403684503,0.0548404868108634,0.0402147795199027,0.0101298103972717,0.00117191269943306,0.000375915096744933,0.0378642978865277,0.00707522919035696,-0.0212723066567903,-0.0147031214737095,-0.00562434711484687,-0.0190188112199081,0.0282175711121393,0.0344831784378387,-0.000732085787504894,-0.0296377387263396,0.00230412161161206
"37",0.00794854657666753,-0.312047791119283,-0.0764488717994767,0.0478332576519705,0.00859095998546487,-0.0264210379538536,0.0825403856947136,0.0292419060634972,0.0201805990168375,-0.0356769052760578,0.0139880546130381,-0.0354860788613822,-0.000670147255489196,0.0134521254754023,-0.000115043095867697,-0.0121002385503402,0.321944116602234,0.0366457579921257,-0.0108872087774761,-0.00886753099271891,0.0143870140812712,0.0551677258453227,-0.0563580427769495,-0.0203321250936082,-0.0829100592042106,-0.0142897741501037,-0.0255514251186417,0.0102385078037454,0.0028496982399022,-0.000509173008094965,-0.0500889148128794,0.010618244547794,0.00459430507841953,0.0353473459508341,0.0145401142020091,-0.0205310588827804,-0.0249373630319042,-0.035851625488736,-0.00919278088361816,0.0357532070800523,-0.0159098382949419,-0.04272921810229,0.0164755341860105,0.0162749371787833,0.0470989445748346,0.0525283481230054,-0.0207508691209882,0.0205886703607952,-0.0232558730702138,-0.00746517381619279
"38",0.0221009567166072,-0.0257479514363754,-0.0102748821925109,-0.043772103114101,-0.0303057612271237,0.0169829393040976,-0.0399785198025056,0.0383927494284918,0.01100121750701,0.017788219322042,0.0266665113146592,-0.014231078130864,0.00214032206278576,0.023410149115764,-0.0516672010694185,0.00518254188227743,0.018765025098567,-0.0102562216889844,0.011803386320599,-0.0141528134112567,-0.0283215889489225,0.00482537237748748,-0.0293272978406858,-0.00472702941041723,0.0255650138009153,0.00322016195816624,0.0365927583413266,0.00941814920738754,-0.000427971654966539,0.049405549863805,0.00873473814214611,-0.0681474418037944,-0.0198646039923052,0.00932172025645304,-0.0110147078974932,0.0471342607086121,0.0120253694990711,0.0048489199954711,-0.0510602415246102,-0.00410680183582935,0.00622009456397932,0.0412043492052591,-0.0392248881887614,-0.0792387762585396,0.0629915066144846,-0.01579827442165,0.0744833803235399,0.0083387409847626,0.00141374765223527,0.0480815907396621
"39",0.0146008561051266,-0.110480542685479,0.00692134688037528,0.0176384387930281,-0.0103283547374429,0.0342676304220934,0.0292704128753258,0.0328716642182307,-0.0581875314689487,-0.0237072329408503,0.00230687489986017,-0.0401010226385962,0.0308379992081451,-0.0429134284269273,0.0278570882477353,-0.0267282771388263,0.113442754418287,-0.0263010444154106,-0.00991458948891848,0.0223882807618046,-0.0157410893619309,-0.00895381336745172,0.00249642359759782,-0.0383081461469834,-0.00323307759030724,-0.053723206600456,-0.00195398390478342,0.0282985327992427,0.0455736923295244,-0.0689752926619728,-0.0274994280593195,0.0235686837284286,-0.0476250220063194,0.0219270983342189,0.0183951288604575,-0.0662805730406494,-0.0262966251093023,0.0126934114941318,0.0316881766425423,-0.00319072207309443,0.0575998774610553,-0.0102592419036679,-0.00365692759764666,0.0205106240520311,-0.0197905898018119,-0.0240716846997669,-0.0275846365396236,-0.040416532511513,0.010428885155667,0.047718110408094
"40",-0.0164707780737784,-0.0596373305555566,0.0492118607977693,0.033875077491488,0.0317915969143439,-0.0248312575403527,0.0196131605287393,-0.0374492595646642,0.0136404114455662,-0.00382395737482475,0.000354742301983085,-0.0314135598888294,-0.0297269269866666,-0.00586947522968468,0.00388633681877483,-0.00775694390080818,0.107113541016415,-0.0350569134311205,0.0149226931395073,0.076370498980247,0.00394618310953807,0.0228909579764972,-0.00327624877971125,-0.0516303814462597,0.00637234500617453,0.0482640109842767,-0.0475061615149135,-0.0153413789422841,-0.00760135350992792,0.0551064613892592,-0.0251477132530987,-0.0111988171096682,-0.00803912664424872,0.0138760026728966,-0.00548444903507041,0.0517886736480663,-0.0138888293333562,-0.0229557294936512,-0.0823347328245917,0.0192765753236411,0.000416841804304367,-0.0229681280884975,0.0310602443894967,-0.00151367539777151,-0.000984546157023434,0.0128213261981034,0.0135960278512163,-0.0115039481183454,-0.0615149939634516,0.032937458166723
"41",-0.0394151223682204,-0.22907864808132,0.0278124371941549,0.0059934684267176,0.0312089891902097,-0.0265821532739202,-0.0523242426200611,0.0482467504558521,-0.0238843542953651,0.012083159642,0.0456327212021253,-0.0249819173837845,-0.070890244182056,0.000971870419297512,0.0108020503560422,0.00166320549070722,0.22986667091851,-0.0282637359590743,0.0472222456119779,0.0285940726424166,0.0548512568354491,-0.0257018389114356,0.00477030479124926,-0.011684977121101,0.0352279127235787,0.000108223585489827,0.0296481935482547,0.00791778246279934,0.0623771823888346,0.00508542705164957,0.0494622051697138,-0.0152056127576329,-0.0446919846751498,0.0389408910165307,0.0139317570100533,-0.0140538937419806,-0.00168374698817702,0.00981779095858248,-0.00301719311146769,-0.0406275114134945,-0.0226958105348842,0.0350846014176545,-0.0147660816503831,0.0632539178185935,-0.00705117304971396,0.0349024547845042,-0.0243548924734889,0.0150731754443074,0.0219724066462871,0.0366941512959945
"42",-0.0124398747883937,0.039083364235875,0.0118555701194133,0.00531958145702427,0.0213055374488863,-0.0580575892235791,0.0272340625621612,0.044023755547068,0.0287558993180626,-0.0371570834135674,-0.016577641770413,0.0111278923342482,0.00884192931280762,-0.0265196220440063,-0.0365947354443002,0.00897664956465744,-0.0403876748081545,0.0374068284314232,0.0054891622629277,0.0152979824220345,-0.00586813586864522,-0.0273862673275371,-0.0350277930014004,-0.0283070514191637,-0.0257939388417333,-0.0417981632545133,0.00244946716199674,-0.0245955730295096,0.0531399512768563,-0.0328404230771434,-0.0806722307996213,-0.00862403585669187,-0.0508145975750661,-0.0572622345307962,-0.0279982183379402,0.0223755903293149,-0.0222587690021247,0.0381258544878425,0.00205593764288615,0.000955888365731353,-0.0117217539097385,0.00334674103697772,0.0119561158433079,0.00679428379999266,-0.00223009141492899,0.0503024499997927,-0.036788016229446,-0.0253338552129393,-0.0538786787688291,-0.0153880500841982
"43",0.0249827487797809,-0.042059205249252,-0.00606581745828655,-0.0097145367074461,0.0283641135873037,-0.00609981470998958,0.0517603943977469,0.013684479118733,0.039055920305924,-0.0191761050809823,0.0164844501900916,-0.0226731913585386,0.00891641320529418,-0.0262339815833613,-0.0175017139397223,0.00462942100122275,0.0587936658328844,0.0220080829063351,0.00211146478952155,0.0273236980740259,-0.00384566975997065,0.00555608240045302,-0.0122816915681803,-0.0164945153426851,0.113379391591891,0.0465014471762818,-0.0045120384298802,0.0105401328044588,-0.055834903513574,-0.00305083092402245,0.0268313466533061,0.00204817686857429,-0.0196682042363864,-0.056837816467412,0.0186209582887782,0.0107557348989082,0.0679560836088341,-0.00696866871664069,0.00595110012146007,-0.0219192352270116,-0.00601833149850759,0.0592764849217045,-0.0146505857173244,0.0114814620006694,-0.0704497683840639,-0.0248805344892752,-0.0160025690185295,0.0204808077917232,0.0312086613288101,0.0364310992426151
"44",0.0629100989970123,-0.0303134353535029,0.0162315847067937,0.0527753963458255,0.0422573245358717,-0.0652380743533315,-0.0116603967864477,0.0138083870249415,-0.0347830541630508,-0.00911842294761987,0.0105443541226786,0.0455030872397875,0.0315178814849237,0.0236625252841335,0.0225017065043104,0.0426353592503603,0.0450117568605765,-0.0330163151154455,0.0481503271163181,-0.0403208793041278,-0.0346625623380279,0.012939523973407,0.0305455301108399,0.0272435141667011,0.0156926405221666,0.0279756883510848,-0.0424229581640109,0.0390933609314868,-0.00687984220973641,0.00830251208067269,-0.00935323652828863,0.015351295138692,-0.0160421088983685,0.0155324661600833,0.0375080557662191,0.00436885626376719,-0.0204447853429275,0.0327075786497262,0.0183422653269746,-0.0470772873272932,-0.012705563552286,-0.071276725496096,0.0122963478114103,-0.0266002356605242,-0.00116528797662636,-0.0627980099543219,0.00967368531787503,-0.0585571530454174,0.000721366870234908,0.00996760235266384
"45",0.0362765524905283,-0.0209020921188685,0.019201423637254,-0.0172158359153881,0.007012218199166,-0.0635310771287644,-0.0303195779573784,-0.0237011554249578,-0.00853763017879316,0.0115188915588184,0.0023798985874522,-0.0649476840110332,-0.0837072809480587,0.00827844216418346,-0.0274324659015279,-0.0426121701743014,0.0505318817079833,-0.0124345029751847,0.0136025712969644,-0.0356601415063367,-0.0477988639088658,0.00459453169880216,-0.00347039283977462,0.0503456301045351,-0.022785931573562,0.00472310787038941,0.0170909008069504,0.0134952197788369,-0.0442623440869123,-0.0334566150997638,-0.00422414786897846,-0.0331992114956079,0.00399572340881236,-0.029519776375013,-0.0512039570529587,0.0525262090757313,-0.00799338270517275,-0.0183946321800266,-0.0417323417296299,-0.0104318586494876,0.0449704995085698,0.00208921965932914,-0.0167527067535627,-0.0552323797206513,-0.0245416749319885,0.0178217479023229,0.0181619646820055,-0.043762896664354,0.0550057305150597,-0.0174016294439879
"46",0.026491438556181,0.133465008554428,-0.0174858691129574,0.05418318381698,0.0168720042715391,-0.0188944839152619,-0.0707428237492619,-0.0181655985698444,0.0425368389586792,-0.0383429775276865,-0.032876522915519,0.0667996468338192,0.014737500318299,0.00118674556770212,0.0361760194616517,-0.0154480557772741,-0.146941974519167,0.0250010923327343,-0.0244950081084162,-0.0301864063653696,0.0118607480087356,0.0230962748858614,0.0592994522935121,0.00474921991836429,-0.00312876995634244,-0.0105758099121263,0.0351592834542898,0.00915178516959123,0.0481774723903454,0.0225097576036369,-0.0153707181467802,-0.065166230931345,-0.00780895511099419,-0.0230645470713225,0.0537978297693755,0.0409433671416635,-0.0327327362146724,-0.0304242407471822,-0.026205221062157,-0.0497378089702987,0.00396009344717584,0.00375654038276377,-0.0241548499125062,-0.0201819036600375,0.00664312123716238,-0.0295020116827349,-0.0273406337518412,-0.0834709423475848,-0.0766392483880568,-0.0476377015559607
"47",-0.0132242623559036,-0.0837519758141806,0.0531457590715667,-0.0226536803277438,-0.0148411305237508,-0.0247285243300281,-0.0152347721869556,-0.0471404216850332,0.0125585761824409,-0.00848614081148414,-0.0235036281515235,-0.0180883920155217,-0.00276851474528948,-0.0313900573623764,-0.074826572372155,-0.00651456420154234,0.0596182167876497,-0.00092818926074025,-0.0552653662178604,-0.0036433920344375,-0.0402341908339036,-0.0260658378881401,-0.0107461598538348,-0.00638703983754743,0.00801389109216102,0.0558522175501607,0.0724105232923589,0.00469902563564832,0.0523958062385284,-0.00102646921756129,0.00757111869462042,0.0180039930416686,-0.0429939415047878,0.00815316531326794,0.0307850832835293,-0.0207391527300413,0.00402214406972938,-0.0147006428518334,0.00984267803842485,-0.0258291320517024,-0.00540841387193265,0.0689583222647043,0.00144728260828244,-0.010760574484377,0.00664156374769425,0.0625309053381906,0.0308210068724293,-0.0345266145317173,0.0152176747429401,-0.0400244347047095
"48",0.000682609482582031,0.0227486946809858,-0.0356288426247678,0.00841915814495159,0.0329081234574363,-0.032363973292678,0.0370867091018965,-0.0225329178050841,-0.0716384581851771,-0.0115545645511082,0.0649072746464953,0.0199472130522982,-0.0202022531394,0.00453888757531,0.00154374802321382,-0.0018260856491516,-0.0533307292802216,0.0123473164818425,0.00628089127251441,0.0183112771006562,0.0495497527275229,-0.00982452161233661,-0.0292435644982142,-0.028982028476848,-0.00139245677937834,0.00250199924406994,-0.0301868654540395,0.0256596814155861,0.0208684674083571,-0.0231554663956496,0.0487266196080542,-0.0296436065666198,0.000244807090961571,0.0032647637207786,-0.0527584996675286,-0.0206785311624509,0.0298061036232324,0.000518978815556402,0.0143919504274961,-0.00429942050929093,-0.0099570379925182,0.0104840116612803,-0.0135264051970786,-0.0148349512430938,-0.084384306941926,0.024738729897891,0.0487229284370793,0.0479161563085401,0.0370360521479679,-0.056351187409849
"49",-0.0805162490162327,0.271053777028309,-0.0371013019744382,-0.0474138244285985,-0.00740153181216544,0.0139788603538296,-0.0535542206878273,0.0286590508688565,0.0565989529461057,-0.00393753210403949,-0.00414590068907651,-0.010997656060347,0.0156546223453502,0.0322651920932244,0.00702474995743923,-0.0446097969226539,-0.27865027342215,0.00975376307937811,0.0153196772973558,-0.00375799051045735,-0.0594972437359075,-0.0416318994156448,-0.00156921199814757,0.0187464867486135,0.00363775397772926,0.00209550380632296,-0.0075146978506169,0.0263126378484654,0.0109597453452855,0.00133942421276106,-0.0284847563376455,-0.0107376931990723,-0.0286593670027259,-0.00904497646340726,-0.0601383923241289,0.0514314671255255,-0.0142721515506901,-0.0142715914581887,0.0274000630225939,-0.00426162259557962,0.0252037880772332,-0.0711068682731428,-0.0252460199093423,0.00300996129820165,-0.0130867478442162,-0.0408647163453827,0.0303970594589894,-0.0319510658310788,-0.0231361994340635,0.0478043556136642
"50",0.0162298143005891,-0.0309465949653438,-0.032686433159775,-0.0129273344657147,-0.0426169090057928,0.00945278357521713,0.0226298297956775,-0.0124044031951414,0.0446756590138312,0.0644801597882694,0.0141037046532583,0.0244819902980591,-0.00585868059126432,-0.0137741835661544,0.0683262873104834,0.0565217366990268,0.0576939986456614,0.000534591132152735,-0.00778460052773135,-0.00781498498142127,0.0557799459897015,0.0233246494127666,-0.0434750903457706,0.0243047465330306,0.0028103445827631,-0.0503190163862798,0.008580935821005,-0.0173551823567017,0.0260583379874465,0.0478713699233741,0.0270861559767725,-0.0232759432942495,0.0168436918016303,0.0332410641455888,-0.0423140467710837,0.00553036062669376,0.0331712986497821,-0.0421224317354038,0.00545113143498935,-0.033461614656511,-0.00192015317709953,0.0870449304016899,-0.00138374404081017,-0.00607363768402086,-0.000678001304766133,-0.0198968787071278,0.0235042645633282,0.0305703698171443,0.0419472906503627,0.0667501564472689
